Wall time,Step,Value
1563286536.4597228,0,0.35198724269866943
1563286545.6178107,1,0.23074951767921448
1563286554.2347777,2,0.258016437292099
1563286562.7117105,3,0.25834012031555176
1563286571.6607502,4,0.297471284866333
1563286579.7075834,5,0.23785880208015442
1563286589.0647166,6,0.19173966348171234
1563286598.15479,7,0.23750832676887512
1563286607.0338154,8,0.19290372729301453
1563286615.5887654,9,0.2234760820865631
