Wall time,Step,Value
1563286536.4597228,0,0.8843749761581421
1563286545.6178107,1,0.9198718070983887
1563286554.2347777,2,0.925000011920929
1563286562.7127106,3,0.9358974099159241
1563286571.6607502,4,0.9134615659713745
1563286579.7075834,5,0.9281250238418579
1563286589.0647166,6,0.9487179517745972
1563286598.15479,7,0.9294871687889099
1563286607.0338154,8,0.940625011920929
1563286615.5887654,9,0.942307710647583
