Wall time,Step,Value
1563285775.3014085,0,0.918749988079071
1563285784.282472,1,0.932692289352417
1563285793.1084833,2,0.90625
1563285802.3605928,3,0.8942307829856873
1563285812.2028382,4,0.9294871687889099
1563285821.50296,5,0.9437500238418579
1563285830.6300411,6,0.9166666865348816
1563285840.4772887,7,0.9487179517745972
1563285849.5823643,8,0.921875
1563285858.8694818,9,0.9262820482254028
