Wall time,Step,Value
1563285775.3014085,0,0.27266979217529297
1563285784.282472,1,0.22458377480506897
1563285793.1084833,2,0.29780837893486023
1563285802.3605928,3,0.3095957338809967
1563285812.2028382,4,0.24010340869426727
1563285821.50296,5,0.1922626495361328
1563285830.6300411,6,0.3188784122467041
1563285840.4772887,7,0.18622203171253204
1563285849.5823643,8,0.3067798316478729
1563285858.8694818,9,0.26150479912757874
