Wall time,Step,Value
1563286161.6177151,0,0.2361670732498169
1563286170.964847,1,0.20587870478630066
1563286179.778856,2,0.2517603635787964
1563286188.5488555,3,0.2797969877719879
1563286197.9329956,4,0.24387674033641815
1563286206.9880636,5,0.19667139649391174
1563286215.8990934,6,0.23400487005710602
1563286225.2582295,7,0.16363750398159027
1563286233.984218,8,0.1687573790550232
1563286242.80423,9,0.21675711870193481
