Wall time,Step,Value
1563286161.6177151,0,0.9281250238418579
1563286170.964847,1,0.9487179517745972
1563286179.778856,2,0.940625011920929
1563286188.5488555,3,0.9358974099159241
1563286197.9329956,4,0.9294871687889099
1563286206.9880636,5,0.949999988079071
1563286215.8990934,6,0.9358974099159241
1563286225.2582295,7,0.9551281929016113
1563286233.984218,8,0.9437500238418579
1563286242.80423,9,0.9519230723381042
