Wall time,Step,Value
1563286901.4919724,0,0.20698024332523346
1563286910.009915,1,0.24960820376873016
1563286918.8029203,2,0.24009430408477783
1563286928.04003,3,0.2827398180961609
1563286936.3799295,4,0.23538173735141754
1563286945.3609774,5,0.23700763285160065
1563286954.3070178,6,0.24687513709068298
1563286963.8531969,7,0.1611916422843933
1563286972.792234,8,0.28469040989875793
1563286981.739274,9,0.17405036091804504
