Wall time,Step,Value
1563286901.4919724,0,0.9312499761581421
1563286910.009915,1,0.9294871687889099
1563286918.8029203,2,0.940625011920929
1563286928.0410297,3,0.9262820482254028
1563286936.3799295,4,0.9487179517745972
1563286945.3609774,5,0.9375
1563286954.3070178,6,0.942307710647583
1563286963.8531969,7,0.9487179517745972
1563286972.792234,8,0.9312499761581421
1563286981.739274,9,0.9455128312110901
