Wall time,Step,Value
1563287515.3290203,0,0.4144132137298584
1563287621.5022469,1,0.34172481298446655
1563287629.687113,2,0.34970635175704956
1563287639.1682763,3,0.1830967664718628
1563287647.872262,4,0.3250320255756378
1563287657.2674043,5,0.3893713057041168
1563287666.8485909,6,0.29801782965660095
1563287675.9816744,7,0.1785024106502533
1563287684.7376692,8,0.24332618713378906
1563287693.6477005,9,0.2081056535243988
