Wall time,Step,Value
1563287515.3290203,0,0.7562500238418579
1563287621.5022469,1,0.8493589758872986
1563287629.687113,2,0.90625
1563287639.1682763,3,0.932692289352417
1563287647.872262,4,0.9230769276618958
1563287657.2674043,5,0.887499988079071
1563287666.8485909,6,0.932692289352417
1563287675.9816744,7,0.9391025900840759
1563287684.7376692,8,0.925000011920929
1563287693.6477005,9,0.942307710647583
