Wall time,Step,Value
1563287089.3268123,0,0.953125
1563287097.7347295,1,0.9455128312110901
1563287106.8588102,2,0.96875
1563287115.9578886,3,0.9711538553237915
1563287124.5878532,4,0.9391025900840759
1563287133.3018413,5,0.934374988079071
1563287142.5859582,6,0.9583333134651184
1563287150.946865,7,0.9487179517745972
1563287160.1589668,8,0.9281250238418579
1563287168.912963,9,0.9487179517745972
