Wall time,Step,Value
1563287089.3268123,0,0.18884575366973877
1563287097.7347295,1,0.21578408777713776
1563287106.8588102,2,0.15062427520751953
1563287115.9578886,3,0.12501388788223267
1563287124.5878532,4,0.2375137358903885
1563287133.3018413,5,0.2716347575187683
1563287142.5849583,6,0.18205183744430542
1563287150.946865,7,0.19225868582725525
1563287160.1589668,8,0.2886769473552704
1563287168.912963,9,0.20747259259223938
