Wall time,Step,Value
1563286712.0267637,0,0.19737796485424042
1563286720.8647761,1,0.20205087959766388
1563286729.8558266,2,0.22426721453666687
1563286739.5720448,3,0.21413889527320862
1563286748.3710494,4,0.276131272315979
1563286758.1412795,5,0.18762779235839844
1563286767.3883862,6,0.19138626754283905
1563286776.459456,7,0.25648555159568787
1563286785.6485517,8,0.2691255509853363
1563286794.7826347,9,0.22873298823833466
