Wall time,Step,Value
1563286712.0267637,0,0.9437500238418579
1563286720.8647761,1,0.9455128312110901
1563286729.8558266,2,0.9281250238418579
1563286739.5730448,3,0.9391025900840759
1563286748.3710494,4,0.9358974099159241
1563286758.1422813,5,0.940625011920929
1563286767.3883862,6,0.9519230723381042
1563286776.459456,7,0.9198718070983887
1563286785.6485517,8,0.918749988079071
1563286794.7826347,9,0.9358974099159241
