Wall time,Step,Value
1563285960,0,0.840624988
1563285969,1,0.932692289
1563285978,2,0.859375
1563285987,3,0.855769217
1563285996,4,0.903846145
1563286005,5,0.909375012
1563286015,6,0.945512831
1563286024,7,0.830128193
1563286033,8,0.893750012
1563286042,9,0.855769217
