Wall time,Step,Value
1563285960,0,0.355126053
1563285969,1,0.268350571
1563285978,2,0.30448693
1563285987,3,0.337755442
1563285996,4,0.357590318
1563286005,5,0.287364423
1563286015,6,0.233921945
1563286024,7,0.413402349
1563286033,8,0.343910456
1563286042,9,0.433200091
