Wall time,Step,Value
1563286353.901087,0,0.9125000238418579
1563286362.6150742,1,0.9455128312110901
1563286371.0650012,2,0.921875
1563286379.4559152,3,0.9455128312110901
1563286388.4219606,4,0.9358974099159241
1563286396.3467672,5,0.949999988079071
1563286404.7046735,6,0.9262820482254028
1563286413.1946106,7,0.9551281929016113
1563286421.5915246,8,0.940625011920929
1563286429.7983968,9,0.9519230723381042
