Wall time,Step,Value
1563286353.901087,0,0.27487555146217346
1563286362.6150742,1,0.17217865586280823
1563286371.0650012,2,0.2934594750404358
1563286379.4559152,3,0.17245927453041077
1563286388.4219606,4,0.18751299381256104
1563286396.3467672,5,0.21243688464164734
1563286404.7046735,6,0.22644589841365814
1563286413.1946106,7,0.19594548642635345
1563286421.5915246,8,0.19322136044502258
1563286429.7983968,9,0.214119553565979
