Wall time,Step,Value
1563287287.2349498,0,0.893750011920929
1563287296.228,1,0.942307710647583
1563287304.5679016,2,0.9281250238418579
1563287313.3339026,3,0.9102563858032227
1563287322.3609605,4,0.8365384340286255
1563287330.510818,5,0.800000011920929
1563287339.186797,6,0.9102563858032227
1563287347.8407702,7,0.9134615659713745
1563287356.564761,8,0.909375011920929
1563287365.6218266,9,0.932692289352417
