Wall time,Step,Value
1563287287.2349498,0,0.33800065517425537
1563287296.228,1,0.18374468386173248
1563287304.5679016,2,0.2482314109802246
1563287313.3339026,3,0.2685208320617676
1563287322.3609605,4,0.42238306999206543
1563287330.510818,5,0.48255831003189087
1563287339.186797,6,0.29407718777656555
1563287347.8407702,7,0.28607434034347534
1563287356.564761,8,0.30851098895072937
1563287365.6218266,9,0.23306623101234436
